IP,Date,Method,URL,Protocol,Status
10.128.2.1,29/Nov/2017,POST,process.php,HTTP/1.1,302
10.129.2.1,29/Nov/2017,POST,process.php,HTTP/1.1,302
10.131.2.1,29/Nov/2017,POST,process.php,HTTP/1.1,302
10.131.2.1,29/Nov/2017,POST,process.php,HTTP/1.1,302
10.129.2.1,29/Nov/2017,POST,process.php,HTTP/1.1,302
10.129.2.1,29/Nov/2017,POST,process.php,HTTP/1.1,302
10.128.2.1,29/Nov/2017,POST,process.php,HTTP/1.1,302
10.128.2.1,29/Nov/2017,POST,process.php,HTTP/1.1,302
10.131.0.1,29/Nov/2017,POST,process.php,HTTP/1.1,302
10.130.2.1,29/Nov/2017,POST,process.php,HTTP/1.1,302
10.130.2.1,29/Nov/2017,POST,process.php,HTTP/1.1,302
10.130.2.1,29/Nov/2017,POST,process.php,HTTP/1.1,302
10.130.2.1,29/Nov/2017,POST,process.php,HTTP/1.1,302
10.128.2.1,29/Nov/2017,POST,process.php,HTTP/1.1,302
10.128.2.1,29/Nov/2017,POST,action.php,HTTP/1.1,302
10.129.2.1,29/Nov/2017,POST,process.php,HTTP/1.1,302
10.131.0.1,29/Nov/2017,POST,action.php,HTTP/1.1,302
10.131.2.1,29/Nov/2017,POST,process.php,HTTP/1.1,302
10.129.2.1,29/Nov/2017,POST,pcompile.php,HTTP/1.1,200
10.131.0.1,29/Nov/2017,POST,allsubmission.php,HTTP/1.1,200
10.131.0.1,29/Nov/2017,POST,process.php,HTTP/1.1,302
