EmployeeID,Name,Department,Salary,DateOfJoining
101,Jane Smith,Customer Support,$118851,2024-07-05
102,Mason Moore,Engineering,$60929,2018-11-06
103,Mia Walker,IT,$99868,2022-05-16
104,Jane Smith,Marketing,$71107,2018-03-13
105,Lucas Lewis,Engineering,$112624,2021-07-29
106,Isabella Clark,Customer Support,$78835,2015-09-20
107,Lucas Lewis,Marketing,$81348,2020-11-23
108,Emma Wilson,IT,$63722,2023-05-19
109,Liam Anderson,IT,$111642,2019-02-02
110,Jackson Hall,Finance,$84805,2019-10-04
111,Jane Smith,Marketing,$63692,2024-01-26
112,Isabella Clark,Engineering,$101616,2016-05-29
113,Amelia Allen,Customer Support,$102715,2015-07-02
114,Jane Smith,IT,$76309,2015-11-06
115,Jackson Hall,Finance,$103093,2022-05-21
116,Emma Wilson,Sales,$80845,2015-04-27
117,Amelia Allen,Customer Support,$90396,2024-11-11
118,Mia Walker,Marketing,$115373,2022-06-19
119,Emma Wilson,Customer Support,$80587,2016-12-25
120,Emma Wilson,HR,$116642,2022-07-21
121,Noah Thomas,IT,$105129,2016-03-21
122,Jackson Hall,Engineering,$77455,2023-01-24
123,Liam Anderson,Marketing,$99207,2024-04-17
124,Mason Moore,Sales,$61912,2020-02-01
125,Olivia Martinez,IT,$111558,2018-07-27
126,Harper King,Customer Support,$83179,2025-01-15
127,Ava Taylor,Marketing,$78778,2021-12-10
128,Mia Walker,Engineering,$70332,2023-06-27
129,Mason Moore,IT,$117684,2024-02-24
130,Harper King,IT,$118474,2023-05-11
131,Ava Taylor,HR,$112933,2021-01-24
132,Alice Brown,HR,$64669,2018-04-29
133,Emma Wilson,Engineering,$78287,2018-10-20
134,Ethan White,Sales,$80814,2022-11-18
135,Ethan White,Engineering,$107514,2021-07-22
136,Bob Johnson,HR,$80987,2021-07-01
137,Emma Wilson,Marketing,$118218,2018-08-26
138,Aiden Young,Marketing,$74832,2023-02-25
139,Isabella Clark,Customer Support,$78392,2023-04-15
140,Amelia Allen,Finance,$102678,2016-09-08
141,Harper King,Sales,$114186,2019-10-18
142,Mason Moore,IT,$113509,2024-04-15
143,Amelia Allen,IT,$109076,2022-03-12
144,Emma Wilson,Finance,$85817,2018-12-22
145,Alice Brown,Engineering,$115978,2020-09-30
146,Aiden Young,Finance,$98182,2015-08-03
147,Charlie Davis,Customer Support,$90329,2020-12-18
148,Jackson Hall,HR,$78913,2020-04-14
149,Lucas Lewis,IT,$91583,2022-09-20
150,Liam Anderson,HR,$101845,2025-01-16
151,Ava Taylor,IT,$67572,2019-05-04
152,Mia Walker,IT,$111038,2019-12-06
153,Mason Moore,Finance,$83345,2021-03-26
154,Jackson Hall,Marketing,$89441,2022-07-20
155,Olivia Martinez,Marketing,$88085,2018-07-17
156,Mia Walker,HR,$102682,2019-10-28
157,Emma Wilson,Engineering,$65197,2019-08-17
158,Mason Moore,IT,$62935,2018-04-28
159,Emma Wilson,Marketing,$100823,2021-04-20
160,John Doe,Engineering,$103754,2021-04-02
161,Alice Brown,Sales,$93528,2015-05-29
162,Harper King,Finance,$112419,2016-11-13
163,Noah Thomas,HR,$103594,2021-11-08
164,Ethan White,IT,$101319,2015-04-16
165,Charlie Davis,IT,$93568,2016-02-21
166,Jane Smith,IT,$116734,2022-06-27
167,Jane Smith,IT,$108363,2023-03-03
168,Mia Walker,HR,$104270,2024-04-29
169,Bob Johnson,Engineering,$119141,2022-11-12
170,Charlie Davis,HR,$105061,2015-11-26
171,Jackson Hall,HR,$102523,2016-06-19
172,Isabella Clark,Marketing,$88834,2019-11-30
173,Jane Smith,Finance,$84544,2016-07-03
174,Alice Brown,Marketing,$100277,2016-06-22
175,Bob Johnson,Marketing,$84319,2019-07-24
176,Mia Walker,Finance,$87588,2020-12-05
177,Liam Anderson,Engineering,$105205,2018-08-12
EmployeeID,Name,Department,Salary,DateOfJoining
179,Jackson Hall,Sales,$95712,2019-06-27
180,Charlie Davis,HR,$61915,2017-12-28
181,Noah Thomas,IT,$81045,2020-01-14
182,John Doe,IT,$110247,2019-01-03
183,Bob Johnson,HR,$66607,2016-02-28
184,Jackson Hall,HR,$102175,2020-12-13
185,Ava Taylor,Finance,$96707,2015-10-31
186,Olivia Martinez,Sales,$68483,2024-06-12
187,Alice Brown,Customer Support,$117013,2019-08-22
188,Isabella Clark,Engineering,$67390,2023-07-24
189,Ava Taylor,Customer Support,$100380,2016-11-21
190,Alice Brown,HR,$111854,2017-04-24
191,Emma Wilson,Customer Support,$80243,2016-01-12
192,Sophia Hernandez,Marketing,$101819,2017-06-05
193,John Doe,Sales,$97854,2020-10-06
194,Amelia Allen,Finance,$74220,2018-08-22
195,Jackson Hall,Customer Support,$73733,2020-09-10
196,Olivia Martinez,Marketing,$118458,2021-11-06
197,Isabella Clark,Customer Support,$87029,2022-02-28
198,Charlie Davis,Sales,$64475,2022-08-28
199,Jackson Hall,Customer Support,$62058,2023-03-15
200,Jackson Hall,Marketing,$94003,2020-04-16